step_number,step_text,behavioral_category,subcategory,notes,is_handoff_sufficient,is_early_stop_sufficient,confidence,tags
1,"Okay, so I need to figure out how many endpoints Figure 5 will have if we continue the pattern shown.",planning,problem formulation,,TRUE,TRUE,,
2,"Let me start by understanding the pattern from the given figures.",planning,planning,,TRUE,TRUE,,
3,"First, let me look at Figure 1.",exploration,focusing,,TRUE,TRUE,,
4,"It's a single line segment with three segments coming out of the top, forming a Y shape.",exploration,understanding,,TRUE,TRUE,,
5,"Wait, actually, looking at the Asymptote code, Figure 1 is drawn with three line segments: from (0,0) down to (0,-3), then from (0,0) to (-2,2) and (0,0) to (2,2).",exploration,noticing,,TRUE,TRUE,,
6,"So, it's like a central point with three lines coming out: one straight down, and two going up to the sides.",exploration,understanding,,TRUE,TRUE,,
7,"So, the endpoints here would be the tips of these three lines.",exploration,understanding,,TRUE,TRUE,,
8,"The bottom tip is at (0,-3), and the two upper tips are at (-2,2) and (2,2).",exploration,noticing,,TRUE,TRUE,,
9,"So, Figure 1 has 3 endpoints.",planning,deciding,,TRUE,TRUE,,
10,"Now, moving to Figure 2.",planning,planning,,TRUE,TRUE,,
11,"The Asymptote code draws a more complex figure.",monitoring,remarking,,TRUE,TRUE,,
12,"Let me try to visualize it.",planning,planning,,TRUE,TRUE,,
13,"The description says each line-segment extremity is replaced by a gradually smaller Y.",exploration,noticing,,TRUE,TRUE,,
14,"So, in Figure 1, each endpoint is replaced by a Y in Figure 2.",monitoring,remarking,,TRUE,TRUE,,
15,"Let me count the endpoints in Figure 2.",planning,planning,,TRUE,TRUE,,
16,"Looking at the Asymptote code for Figure 2: there's a vertical line from (5,0) to (5,-2), then a horizontal line connecting (4,-3) to (5,-2) to (6,-3).",exploration,noticing,,TRUE,TRUE,,
17,"Then there are lines from (4,1) to (5,0) to (6,1).",exploration,noticing,,TRUE,TRUE,,
18,"Then lines from (3,1) to (4,1) to (4,2), and from (6,2) to (6,1) to (7,1).",exploration,noticing,,TRUE,TRUE,,
19,"So, trying to parse this, maybe the original central line (the vertical one from Figure 1) is now split?",reasoning,conjecturing,,TRUE,TRUE,,
20,"Wait, maybe it's better to think recursively.",correction,backtracking,,TRUE,TRUE,,
21,"Each endpoint from the previous figure is replaced by a Y.",exploration,noticing,,TRUE,TRUE,,
22,"In Figure 1, there are 3 endpoints.",monitoring,remarking,,TRUE,TRUE,,
23,"Each of these endpoints is replaced by a Y in Figure 2.",exploration,noticing,,TRUE,TRUE,,
24,"A Y has three endpoints, but one of them is connected to the previous segment.",monitoring,remarking,,TRUE,TRUE,,
25,"Wait, but when you replace an endpoint with a Y, how does that work?",correction,confused,,TRUE,TRUE,,
26,"Let me think.",planning,hesitating,,TRUE,TRUE,,
27,"If you have a line segment ending at a point, and you replace that endpoint with a Y, then instead of one endpoint, you have two new endpoints.",monitoring,remarking,,TRUE,TRUE,,
28,"Because the Y has two new branches.",monitoring,remarking,,TRUE,TRUE,,
29,"Wait, but a Y has three segments: one coming in, and two going out.",monitoring,remarking,,TRUE,TRUE,,
30,"But if you're replacing an endpoint, you would be adding two new segments branching off from that endpoint, thereby replacing the single endpoint with two new endpoints.",reasoning,deducing,,TRUE,TRUE,,
31,"Wait, but in Figure 1, there are three endpoints.",exploration,noticing,,TRUE,TRUE,,
32,"If each endpoint is replaced by a Y, then each of those three endpoints becomes two endpoints.",insight,realizing,,TRUE,TRUE,,
33,"So, Figure 2 would have 3 * 2 = 6 endpoints?",insight,deducing,,TRUE,TRUE,,
34,"But let me check with the Asymptote code.",planning,planning,,TRUE,TRUE,,
35,"Looking at Figure 2, how many endpoints are there?",monitoring,questioning,,TRUE,TRUE,,
36,"Let me try to count.",planning,planning,,TRUE,TRUE,,
37,"First, the bottom part: there's a line from (5,0) to (5,-2), then connected to (4,-3) and (6,-3).",exploration,noticing,,TRUE,TRUE,,
38,"So, the bottom endpoints are (4,-3) and (6,-3).",reasoning,deducing,,TRUE,TRUE,,
39,"Then, looking at the middle part: the line from (5,0) goes up to connect (4,1) and (6,1).",reasoning,deducing,,FALSE,TRUE,,
40,"Then from (4,1) goes to (3,1) and (4,2).",reasoning,deducing,,FALSE,TRUE,,
41,"So, endpoints at (3,1) and (4,2).",reasoning,deducing,,FALSE,TRUE,,
42,"Similarly, from (6,1) goes to (6,2) and (7,1), so endpoints at (6,2) and (7,1).",reasoning,deducing,,FALSE,TRUE,,
43,"Additionally, from (3,1) there's a line to (8.5,1)?",exploration,noticing,,FALSE,TRUE,,
44,"Wait, no, looking back, the Asymptote code for Figure 2 is: [full code block] - The vertical line from (5,0) down to (5,-2).",correction,backtracking,,FALSE,TRUE,,
45,"Then from (5,-2) it branches left to (4,-3) and right to (6,-3).",exploration,noticing,,FALSE,TRUE,,
46,"So, replacing the original bottom endpoint (from Figure 1) with a Y, resulting in two new endpoints at (4,-3) and (6,-3).",reasoning,deducing,,FALSE,TRUE,,
47,"- Then, from (5,0), there are lines going up to (4,1) and (6,1).",reasoning,explicating,,FALSE,TRUE,,
48,"So replacing the original middle endpoints?",monitoring,questioning,,FALSE,TRUE,,
49,"Wait, Figure 1 had two upper endpoints.",exploration,noticing,,FALSE,TRUE,,
50,"Wait, Figure 1 had three endpoints: bottom, left, and right.",exploration,noticing,,FALSE,TRUE,,
51,"In Figure 2, each of these three endpoints is replaced by a Y.",exploration,noticing,,FALSE,TRUE,,
52,"So, for the original bottom endpoint (which was at (0,-3) in Figure 1), in Figure 2, it's replaced by a Y with two new endpoints.",reasoning,explicating,,FALSE,TRUE,,
53,"Similarly, each of the two upper endpoints in Figure 1 is replaced by a Y.",reasoning,explicating,,FALSE,TRUE,,
54,"Let me check one of them.",planning,planning,,FALSE,TRUE,,
55,"Take the left upper endpoint from Figure 1, which was at (-2,2).",monitoring,remarking,,FALSE,TRUE,,
56,"In Figure 2, the corresponding part is the line from (5,0) to (4,1), then branching to (3,1) and (4,2).",reasoning,explicating,,FALSE,TRUE,,
57,"So replacing that single endpoint with two new endpoints: (3,1) and (4,2).",reasoning,explicating,,FALSE,TRUE,,
58,"Similarly, the right upper endpoint is replaced by (6,2) and (7,1).",reasoning,explicating,,FALSE,TRUE,,
59,"Additionally, the original central line from Figure 1 (the vertical one) is now split?",monitoring,questioning,,FALSE,TRUE,,
60,"Wait, in Figure 1, the vertical line went from (0,0) to (0,-3).",exploration,noticing,,FALSE,TRUE,,
61,"In Figure 2, there's a vertical line from (5,0) to (5,-2), then continues down to (5,-2) to (4,-3) and (6,-3).",exploration,noticing,,FALSE,TRUE,,
62,"But the original vertical line's upper end was at (0,0).",exploration,noticing,,FALSE,TRUE,,
63,"Wait, maybe I need to think of each segment's extremities.",planning,planning,,FALSE,TRUE,,
64,"But perhaps instead of getting bogged down in coordinates, I should think recursively.",correction,backtracking,,FALSE,TRUE,,
65,"Let me try to find a pattern in the number of endpoints.",planning,planning,,FALSE,TRUE,,
66,"Let me denote the number of endpoints in Figure n as E(n).",planning,planning,,FALSE,TRUE,,
67,"From Figure 1, E(1) = 3.",reasoning,deducing,,FALSE,TRUE,,
68,"Now, looking at Figure 2.",exploration,noticing,,FALSE,TRUE,,
69,"If each endpoint in Figure 1 is replaced by a Y, which adds two new endpoints.",reasoning,explicating,,FALSE,TRUE,,
70,"But wait, replacing an endpoint with a Y: originally, there was one endpoint.",reasoning,explicating,,FALSE,TRUE,,
71,"After replacement, instead of that one endpoint, we have two new endpoints.",reasoning,explicating,,FALSE,TRUE,,
72,"So, each existing endpoint is replaced by two new ones.",insight,realizing,,FALSE,TRUE,,
73,"Therefore, E(n) = 2 * E(n-1).",insight,deducing,,FALSE,TRUE,,